<?xml version="1.0" encoding="UTF-8"?>
<project-private xmlns="http://www.netbeans.org/ns/project-private/1">
    <editor-bookmarks xmlns="http://www.netbeans.org/ns/editor-bookmarks/2" lastBookmarkId="0"/>
    <open-files xmlns="http://www.netbeans.org/ns/projectui-open-files/2">
        <group>
            <file>file:/D:/@Sam/Courses/APOO/DemineurFixMarquageEtFinDeJeu/DemineurRecursion/src/demineurjavaseriousversion/DemineurJavaSeriousVersion.java</file>
            <file>file:/D:/@Sam/Courses/APOO/DemineurFixMarquageEtFinDeJeu/DemineurRecursion/src/demineurjavaseriousversion/Level.java</file>
            <file>file:/D:/@Sam/Courses/APOO/DemineurFixMarquageEtFinDeJeu/DemineurRecursion/src/demineurjavaseriousversion/Grille.java</file>
            <file>file:/D:/@Sam/Courses/APOO/DemineurFixMarquageEtFinDeJeu/DemineurRecursion/src/demineurjavaseriousversion/PrincipalWindow.java</file>
            <file>file:/D:/@Sam/Courses/APOO/DemineurFixMarquageEtFinDeJeu/DemineurRecursion/src/demineurjavaseriousversion/Authentification.java</file>
        </group>
    </open-files>
</project-private>
